date,total_visits,organic_search,paid_search,social_media,email,direct,referral,new_visitors_pct,returning_visitors_pct,pages_per_session,avg_session_duration,conversion_rate,bounce_rate
2022-01-01,12555,,,1538,886,2341,467,0.51,0.49,4.72,172.97,0.0212,0.3055
2022-01-02,6074,1855.0,919.0,1166,552,1106,476,0.3,0.7,6.15,357.5,0.0118,0.4706
2022-01-03,5009,2005.0,961.0,542,260,780,461,0.49,0.51,5.29,288.0,0.0203,0.4511
2022-01-04,5341,1876.0,764.0,560,771,1026,344,0.41,0.5900000000000001,7.49,382.02,0.0313,0.2364
2022-01-05,5403,2384.0,682.0,776,771,604,186,0.44,0.56,6.68,518.11,0.0214,0.2166
2022-01-06,5945,2312.0,1483.0,1109,649,666,-274,0.65,0.35,5.26,199.02,0.0324,0.3906
2022-01-07,5877,2718.0,1238.0,785,795,640,-299,0.44,0.56,2.08,274.17,0.043,0.594
2022-01-08,7324,3574.0,1562.0,1108,785,1020,-725,0.52,0.48,3.71,157.39,0.0119,0.4179
2022-01-09,7164,2338.0,1583.0,830,725,1341,347,0.55,0.44999999999999996,4.13,309.86,0.0157,0.4047
2022-01-10,5394,1928.0,641.0,790,415,801,819,0.35,0.65,7.85,185.84,0.0208,0.2879
2022-01-11,4833,2332.0,943.0,618,407,647,-114,0.55,0.44999999999999996,7.73,196.8,0.016,0.2637
2022-01-12,6473,2781.0,1050.0,659,680,1195,108,0.65,0.35,2.49,479.02,0.0353,0.3164
2022-01-13,5728,2677.0,1007.0,1123,803,604,-486,0.5,0.5,6.15,226.97,0.0148,0.5025
2022-01-14,4787,1758.0,586.0,688,404,899,452,0.52,0.48,3.45,176.01,0.0284,0.3626
2022-01-15,7594,,,1100,1116,1196,-674,0.49,0.51,2.54,214.11,0.04,0.5633
2022-01-16,6141,2697.0,792.0,778,784,762,328,0.35,0.65,6.57,213.78,0.0204,0.3898
2022-01-17,5453,1865.0,1231.0,879,524,897,57,0.57,0.43000000000000005,7.62,162.47,0.0285,0.3288
2022-01-18,5081,2217.0,980.0,808,717,702,-343,0.45,0.55,2.28,462.82,0.0453,0.5761
2022-01-19,6219,2573.0,1304.0,799,655,752,136,0.34,0.6599999999999999,7.1,486.15,0.0254,0.5278
2022-01-20,4808,1653.0,591.0,871,652,771,270,0.32,0.6799999999999999,4.75,233.6,0.0309,0.4451
2022-01-21,4932,1759.0,1204.0,817,698,780,-326,0.67,0.32999999999999996,2.1,148.3,0.0314,0.5934
2022-01-22,7923,3510.0,1204.0,929,1004,834,442,0.36,0.64,5.52,544.28,0.0395,0.2719
2022-01-23,6164,2863.0,700.0,649,315,951,686,0.47,0.53,7.49,382.41,0.0304,0.3048
2022-01-24,5171,2412.0,607.0,721,704,730,-3,0.6,0.4,6.27,313.33,0.0231,0.5606
2022-01-25,6329,2389.0,672.0,912,753,1168,435,0.63,0.37,4.33,249.38,0.0476,0.5225
2022-01-26,4791,1756.0,491.0,795,453,901,395,0.68,0.31999999999999995,3.09,562.81,0.0139,0.421
2022-01-27,5325,2197.0,1323.0,943,300,796,-234,0.5,0.5,2.55,399.46,0.0222,0.249
2022-01-28,6225,2229.0,690.0,734,490,902,1180,0.46,0.54,4.7,504.08,0.0307,0.398
2022-01-29,7308,3204.0,779.0,1178,1018,847,282,0.5,0.5,3.48,99.99,0.0324,0.5578
2022-01-30,7965,3119.0,1407.0,941,903,1413,182,0.45,0.55,2.88,77.22,0.0416,0.4102
2022-01-31,6072,2935.0,1412.0,1101,907,1097,-1380,0.39,0.61,6.93,577.06,0.0291,0.2226
2022-02-01,6863,2088.0,1550.0,767,677,1195,586,0.68,0.31999999999999995,2.39,582.52,0.0266,0.5568
2022-02-02,5601,2052.0,1016.0,870,585,649,429,0.44,0.56,2.64,344.2,0.0126,0.5725
2022-02-03,5782,1872.0,820.0,1024,447,671,948,0.62,0.38,7.55,109.23,0.0183,0.2697
2022-02-04,6066,2127.0,1303.0,1042,691,1101,-198,0.49,0.51,7.69,326.62,0.0451,0.3075
2022-02-05,7709,2657.0,777.0,1184,740,1057,1294,0.63,0.37,6.12,162.4,0.034,0.5656
2022-02-06,8509,2603.0,1265.0,982,868,1354,1437,0.53,0.47,2.61,287.96,0.0213,0.5662
2022-02-07,6881,2340.0,1416.0,832,795,1150,348,0.69,0.31000000000000005,4.07,333.05,0.0417,0.5945
2022-02-08,6927,3380.0,861.0,819,456,1142,269,0.6,0.4,4.28,555.1,0.0484,0.4252
2022-02-09,6162,2257.0,1256.0,781,679,1122,67,0.48,0.52,6.9,405.82,0.0111,0.5687
2022-02-10,7531,2277.0,1055.0,1009,481,1119,1590,0.53,0.47,5.2,516.78,0.0219,0.3824
2022-02-11,6761,2080.0,937.0,878,592,1249,1025,0.38,0.62,2.53,413.49,0.044,0.3222
2022-02-12,7951,2584.0,1626.0,1314,1013,1121,293,0.37,0.63,5.48,351.32,0.0413,0.3112
2022-02-13,7641,3545.0,1344.0,1171,587,1228,-234,0.48,0.52,7.65,489.28,0.0195,0.4587
2022-02-14,11795,5642.0,2385.0,1943,807,2086,-1068,0.34,0.6599999999999999,4.51,490.24,0.0208,0.4583
2022-02-15,6037,1899.0,1028.0,954,875,925,356,0.42,0.5800000000000001,3.58,285.43,0.0133,0.4299
2022-02-16,5509,2143.0,807.0,572,494,958,535,0.45,0.55,3.49,366.45,0.0136,0.2238
2022-02-17,5811,2420.0,1002.0,774,664,733,218,0.38,0.62,4.13,324.91,0.0308,0.2342
2022-02-18,7735,3489.0,936.0,1123,509,1371,307,0.64,0.36,4.77,261.27,0.0232,0.5817
2022-02-19,7851,2941.0,884.0,1482,1147,975,422,0.35,0.65,3.41,551.25,0.0291,0.5142
2022-02-20,8650,2968.0,1817.0,1466,515,1684,200,0.35,0.65,2.82,339.21,0.0385,0.3316
2022-02-21,7458,3316.0,1381.0,1390,412,1212,-253,0.5,0.5,4.68,554.51,0.0358,0.3101
2022-02-22,6898,3253.0,1594.0,701,945,1069,-664,0.55,0.44999999999999996,6.07,246.98,0.012,0.5909
2022-02-23,6137,2711.0,1421.0,748,515,1005,-263,0.52,0.48,2.73,355.2,0.0466,0.5715
2022-02-24,7063,3243.0,1565.0,1114,604,1261,-724,0.54,0.45999999999999996,2.23,325.29,0.0386,0.5238
2022-02-25,6491,2103.0,1382.0,824,846,1088,248,0.48,0.52,5.25,156.57,0.0296,0.3431
2022-02-26,8592,3455.0,1307.0,1138,902,1293,497,0.54,0.45999999999999996,2.92,317.57,0.0468,0.3753
2022-02-27,9580,4171.0,1330.0,1715,518,965,881,0.61,0.39,4.01,135.98,0.0321,0.293
2022-02-28,5914,2488.0,1189.0,759,510,913,55,0.48,0.52,4.44,267.96,0.0121,0.3488
2022-03-01,5759,2163.0,1070.0,845,585,933,163,0.65,0.35,4.8,535.59,0.0368,0.254
2022-03-02,7037,3258.0,1248.0,977,519,855,180,0.49,0.51,7.55,139.05,0.0394,0.2934
2022-03-03,7571,3501.0,757.0,1489,414,1129,281,0.59,0.41000000000000003,6.82,402.72,0.0454,0.4296
2022-03-04,6030,2286.0,1436.0,609,378,1178,143,0.35,0.65,7.92,133.38,0.0241,0.504
2022-03-05,7282,2815.0,887.0,1026,385,1386,783,0.68,0.31999999999999995,5.33,187.42,0.0385,0.2827
2022-03-06,7157,2483.0,953.0,791,611,1040,1279,0.47,0.53,3.31,458.4,0.0415,0.4977
2022-03-07,6959,2782.0,1334.0,1349,455,1272,-233,0.33,0.6699999999999999,6.52,225.65,0.0337,0.3839
2022-03-08,6075,2334.0,695.0,731,450,779,1086,0.34,0.6599999999999999,3.92,550.38,0.0191,0.3067
2022-03-09,6901,2613.0,694.0,1066,512,943,1073,0.69,0.31000000000000005,4.25,175.92,0.0212,0.3146
2022-03-10,6931,3234.0,1524.0,702,666,887,-82,0.47,0.53,3.07,437.87,0.0173,0.4121
2022-03-11,7488,2545.0,950.0,1022,558,1242,1171,0.37,0.63,2.79,322.32,0.0435,0.2648
2022-03-12,7353,3166.0,1614.0,858,1069,749,-103,0.35,0.65,5.46,335.5,0.0216,0.3952
2022-03-13,8093,3002.0,1944.0,985,1120,1452,-410,0.62,0.38,2.48,340.42,0.0279,0.4753
2022-03-14,6768,2345.0,694.0,906,607,854,1362,0.49,0.51,2.7,83.73,0.0325,0.24
2022-03-15,5742,2249.0,1156.0,837,540,886,74,0.45,0.55,4.0,563.06,0.0453,0.5156
2022-03-16,6387,2521.0,1149.0,658,355,655,1049,0.63,0.37,6.1,337.28,0.0151,0.5556
2022-03-17,6174,2328.0,836.0,739,581,1155,535,0.35,0.65,7.88,317.02,0.0441,0.2025
2022-03-18,6887,,,847,719,1084,775,0.35,0.65,3.89,68.76,0.0395,0.4832
2022-03-19,7488,3162.0,859.0,1046,549,1312,560,0.65,0.35,6.79,409.87,0.0455,0.3308
2022-03-20,9434,4061.0,1640.0,1441,751,1348,193,0.61,0.39,5.78,88.77,0.0172,0.4639
2022-03-21,6270,2874.0,1083.0,648,532,702,431,0.56,0.43999999999999995,5.82,173.06,0.0457,0.2906
2022-03-22,8089,2582.0,1795.0,1611,453,1398,250,0.42,0.5800000000000001,5.76,508.32,0.0371,0.2256
2022-03-23,6115,2487.0,989.0,1172,470,922,75,0.42,0.5800000000000001,2.36,211.88,0.034,0.379
2022-03-24,6469,2389.0,892.0,696,671,782,1039,0.69,0.31000000000000005,3.1,551.72,0.0279,0.5782
2022-03-25,6357,2516.0,1314.0,762,781,1081,-97,0.36,0.64,6.35,69.25,0.0162,0.5774
2022-03-26,10074,3602.0,1033.0,1317,685,1578,1859,0.3,0.7,4.52,493.69,0.0184,0.2533
2022-03-27,8377,3773.0,1574.0,871,1216,1649,-706,0.46,0.54,2.49,457.52,0.0356,0.5897
2022-03-28,8350,3872.0,1489.0,1183,1241,879,-314,0.66,0.33999999999999997,4.43,404.73,0.048,0.2767
2022-03-29,5739,1998.0,677.0,1127,580,816,541,0.5,0.5,7.58,298.12,0.0196,0.2354
2022-03-30,8163,3327.0,1655.0,1333,916,850,82,0.39,0.61,6.27,101.68,0.0211,0.2663
2022-03-31,5914,2812.0,1049.0,775,812,1091,-625,0.64,0.36,5.35,90.15,0.0163,0.4379
2022-04-01,7613,3273.0,1062.0,1502,485,1093,198,0.51,0.49,4.96,314.31,0.0444,0.3264
2022-04-02,7709,2427.0,1579.0,1056,517,966,1164,0.69,0.31000000000000005,6.61,368.02,0.0199,0.5222
2022-04-03,8697,3510.0,1977.0,1244,1035,1123,-192,0.44,0.56,3.95,348.29,0.0448,0.4531
2022-04-04,7148,3549.0,815.0,1108,724,999,-47,0.34,0.6599999999999999,5.17,196.89,0.0419,0.422
2022-04-05,5740,2139.0,933.0,1147,494,701,326,0.66,0.33999999999999997,6.47,242.8,0.036,0.3473
2022-04-06,5703,1836.0,1205.0,671,801,1095,95,0.68,0.31999999999999995,3.21,539.94,0.0343,0.4684
2022-04-07,6902,2212.0,836.0,1208,862,1211,573,0.66,0.33999999999999997,5.03,289.24,0.0439,0.2016
2022-04-08,6147,2127.0,788.0,1072,863,1171,126,0.69,0.31000000000000005,7.67,109.86,0.046,0.3717
2022-04-09,10875,5289.0,2109.0,1585,1538,1335,-981,0.42,0.5800000000000001,2.03,136.05,0.0409,0.438
2022-04-10,9429,4409.0,2274.0,1587,1077,1296,-1214,0.33,0.6699999999999999,4.58,359.36,0.0452,0.2196
2022-04-11,7855,3340.0,1248.0,1452,1019,1194,-398,0.34,0.6599999999999999,4.94,346.79,0.0227,0.4856
2022-04-12,7849,2610.0,1030.0,1064,625,885,1635,0.6,0.4,7.87,537.07,0.0305,0.2573
2022-04-13,6703,2923.0,845.0,1131,771,1157,-124,0.36,0.64,5.98,207.33,0.0288,0.4004
2022-04-14,8149,4028.0,1667.0,1527,826,1125,-1024,0.65,0.35,7.8,100.71,0.0161,0.5609
2022-04-15,8134,3893.0,893.0,1428,431,1580,-91,0.61,0.39,2.69,477.08,0.0448,0.5845
2022-04-16,9856,3785.0,2354.0,1657,749,1866,-555,0.61,0.39,5.3,174.42,0.0339,0.4621
2022-04-17,9078,3875.0,1079.0,1700,1321,1340,-237,0.47,0.53,7.68,354.81,0.0275,0.5539
2022-04-18,8031,2458.0,1343.0,1096,454,819,1861,0.58,0.42000000000000004,4.52,418.78,0.0459,0.4744
2022-04-19,7134,3525.0,717.0,1360,757,1199,-424,0.5,0.5,5.71,221.56,0.039,0.4468
2022-04-20,7975,3649.0,1419.0,1011,766,1079,51,0.63,0.37,3.22,496.89,0.0329,0.4373
2022-04-21,7195,2314.0,1642.0,1116,1003,1006,114,0.42,0.5800000000000001,6.81,183.25,0.0142,0.501
2022-04-22,5553,2567.0,1076.0,839,591,1097,-617,0.62,0.38,3.28,551.04,0.0185,0.3163
2022-04-23,8403,3794.0,1765.0,1261,609,956,18,0.59,0.41000000000000003,7.15,84.74,0.0215,0.4209
2022-04-24,7627,2329.0,1134.0,1068,846,1505,745,0.36,0.64,7.02,559.15,0.0418,0.36
2022-04-25,5969,2196.0,1341.0,961,731,1079,-339,0.37,0.63,7.81,454.75,0.0485,0.5872
2022-04-26,5556,2245.0,981.0,676,299,1095,260,0.69,0.31000000000000005,2.16,142.51,0.0462,0.3746
2022-04-27,7799,2747.0,1585.0,997,974,1184,312,0.64,0.36,4.21,359.49,0.0376,0.3851
2022-04-28,6482,2173.0,1047.0,1150,926,1200,-14,0.32,0.6799999999999999,4.61,228.73,0.0404,0.426
2022-04-29,7486,2935.0,900.0,1045,387,1222,997,0.32,0.6799999999999999,7.07,227.81,0.0477,0.4437
2022-04-30,8631,4140.0,1984.0,886,1228,1699,-1306,0.46,0.54,5.14,472.88,0.0128,0.5915
2022-05-01,8156,3875.0,1621.0,1527,573,1537,-977,0.56,0.43999999999999995,5.52,570.53,0.0292,0.4624
2022-05-02,6877,2984.0,1069.0,1106,912,890,-84,0.48,0.52,4.09,118.47,0.0422,0.4743
2022-05-03,5759,2220.0,1122.0,1093,568,638,118,0.4,0.6,6.13,441.02,0.0489,0.3592
2022-05-04,7790,3097.0,1838.0,1347,1133,1138,-763,0.68,0.31999999999999995,7.76,169.1,0.0154,0.3562
2022-05-05,5340,1766.0,1124.0,738,286,790,636,0.54,0.45999999999999996,4.63,524.12,0.0376,0.2197
2022-05-06,5422,1822.0,1035.0,627,580,690,668,0.6,0.4,5.71,567.64,0.0279,0.3392
2022-05-07,8892,3155.0,2200.0,1594,1156,1632,-845,0.32,0.6799999999999999,5.0,505.24,0.0191,0.2438
2022-05-08,6915,2703.0,1376.0,1079,1022,799,-64,0.63,0.37,3.74,396.33,0.0136,0.4754
2022-05-09,5325,1688.0,921.0,573,766,573,804,0.48,0.52,6.9,71.7,0.0213,0.4731
2022-05-10,5761,2798.0,1384.0,825,557,933,-736,0.6,0.4,5.73,315.66,0.01,0.5059
2022-05-11,6827,2717.0,938.0,1162,900,884,226,0.47,0.53,5.6,571.56,0.0142,0.5929
2022-05-12,6929,2807.0,1569.0,1173,601,1017,-238,0.43,0.5700000000000001,5.03,68.06,0.0307,0.2952
2022-05-13,5624,2355.0,963.0,942,818,808,-262,0.58,0.42000000000000004,4.28,257.33,0.043,0.2659
2022-05-14,8311,2829.0,1957.0,942,640,1271,672,0.46,0.54,7.03,405.17,0.011,0.4042
2022-05-15,9785,4120.0,1368.0,1436,1066,1394,401,0.6,0.4,6.98,208.93,0.0295,0.365
2022-05-16,6024,2893.0,1165.0,1157,801,1161,-1153,0.63,0.37,4.14,175.5,0.0203,0.3906
2022-05-17,6363,3178.0,681.0,817,498,835,354,0.65,0.35,4.4,392.79,0.0324,0.2293
2022-05-18,7087,2920.0,1117.0,1314,738,1063,-65,0.53,0.47,7.28,189.38,0.0415,0.3519
2022-05-19,7171,2292.0,720.0,1051,911,960,1237,0.39,0.61,5.46,71.24,0.0284,0.3676
2022-05-20,5831,2309.0,1045.0,820,596,663,398,0.47,0.53,7.77,127.82,0.0297,0.5881
2022-05-21,9230,3694.0,1948.0,1080,750,1004,754,0.35,0.65,2.11,512.26,0.016,0.3672
2022-05-22,7337,2787.0,1297.0,1191,996,1447,-381,0.33,0.6699999999999999,4.91,98.4,0.0202,0.3653
2022-05-23,5258,1872.0,1300.0,964,608,729,-215,0.61,0.39,4.48,592.91,0.0336,0.5137
2022-05-24,5185,2041.0,889.0,750,753,863,-111,0.55,0.44999999999999996,5.6,255.95,0.0128,0.5624
2022-05-25,5457,1826.0,1052.0,921,612,1003,43,0.65,0.35,3.08,307.55,0.0372,0.2625
2022-05-26,6973,,,1349,790,1314,-524,0.39,0.61,6.62,343.71,0.0432,0.5491
2022-05-27,5769,2578.0,1040.0,1000,813,876,-538,0.52,0.48,4.25,166.33,0.0164,0.5703
2022-05-28,8591,3317.0,1148.0,978,1106,1229,813,0.36,0.64,4.37,164.47,0.048,0.5966
2022-05-29,8650,3688.0,986.0,1378,1150,1677,-229,0.32,0.6799999999999999,7.78,461.2,0.0421,0.3878
2022-05-30,5237,2485.0,1146.0,572,278,992,-236,0.3,0.7,5.62,108.8,0.0124,0.2159
2022-05-31,5376,1928.0,1306.0,628,330,580,604,0.37,0.63,7.9,595.13,0.0338,0.4742
2022-06-01,6954,3305.0,871.0,1386,581,1062,-251,0.36,0.64,2.38,68.86,0.0429,0.5853
2022-06-02,5031,2354.0,914.0,539,483,524,217,0.46,0.54,7.52,449.41,0.0301,0.5661
2022-06-03,6850,2591.0,1701.0,1231,914,759,-346,0.68,0.31999999999999995,2.02,138.88,0.0123,0.4886
2022-06-04,8070,3012.0,1818.0,1243,609,964,424,0.57,0.43000000000000005,3.24,77.23,0.0255,0.4778
2022-06-05,7183,3465.0,811.0,1014,430,935,528,0.67,0.32999999999999996,3.54,391.91,0.0102,0.2963
2022-06-06,7018,3479.0,996.0,1311,880,1397,-1045,0.32,0.6799999999999999,7.24,272.81,0.043,0.4954
2022-06-07,6036,2422.0,940.0,680,657,670,667,0.65,0.35,5.33,449.49,0.0137,0.35
2022-06-08,5002,1601.0,528.0,602,360,701,1210,0.6,0.4,2.26,127.69,0.0222,0.5444
2022-06-09,6900,2668.0,791.0,1186,524,982,749,0.59,0.41000000000000003,4.88,340.6,0.0468,0.3281
2022-06-10,5481,2705.0,636.0,624,685,652,179,0.33,0.6699999999999999,5.64,97.91,0.0496,0.4465
2022-06-11,6396,2173.0,1530.0,1250,629,1095,-281,0.65,0.35,5.41,111.23,0.0309,0.2646
2022-06-12,8488,2698.0,1941.0,1681,1204,1366,-402,0.31,0.69,3.56,568.68,0.0238,0.5122
2022-06-13,6062,2320.0,1280.0,615,570,881,396,0.31,0.69,5.75,474.33,0.0355,0.2683
2022-06-14,5291,2121.0,734.0,749,385,577,725,0.58,0.42000000000000004,5.83,553.36,0.0106,0.2907
2022-06-15,5916,2063.0,703.0,1098,598,625,829,0.64,0.36,5.86,364.93,0.0489,0.4379
2022-06-16,5465,1687.0,1084.0,971,578,766,379,0.66,0.33999999999999997,5.09,530.54,0.0423,0.2557
2022-06-17,4803,2087.0,1092.0,771,653,645,-445,0.41,0.5900000000000001,2.41,75.61,0.0102,0.5169
2022-06-18,7063,3099.0,901.0,940,970,1342,-189,0.66,0.33999999999999997,2.09,279.61,0.0251,0.2614
2022-06-19,7064,2325.0,1451.0,1035,661,848,744,0.56,0.43999999999999995,5.4,460.24,0.0423,0.2556
2022-06-20,5744,2198.0,1306.0,943,667,686,-56,0.33,0.6699999999999999,7.53,461.34,0.0492,0.3015
2022-06-21,4543,1567.0,1081.0,579,582,821,-87,0.52,0.48,3.86,500.41,0.0277,0.2545
2022-06-22,6082,2751.0,819.0,1143,498,628,243,0.54,0.45999999999999996,7.49,182.16,0.0356,0.2316
2022-06-23,4689,1864.0,537.0,827,252,491,718,0.47,0.53,2.55,531.12,0.0145,0.2983
2022-06-24,5567,1846.0,912.0,877,801,884,247,0.36,0.64,4.62,437.53,0.0198,0.3309
2022-06-25,5803,2024.0,828.0,755,421,745,1030,0.51,0.49,4.22,83.32,0.0104,0.5262
2022-06-26,5832,2887.0,668.0,869,488,1123,-203,0.35,0.65,3.14,230.46,0.0132,0.3346
2022-06-27,4519,1670.0,717.0,603,240,525,764,0.65,0.35,5.94,579.63,0.0328,0.5136
2022-06-28,4602,1900.0,947.0,622,394,810,-71,0.48,0.52,6.52,543.81,0.0311,0.4304
2022-06-29,4937,1782.0,1202.0,914,439,917,-317,0.46,0.54,7.25,502.47,0.046,0.2999
2022-06-30,4215,1911.0,1017.0,531,259,812,-315,0.6,0.4,3.8,501.67,0.046,0.2976
2022-07-01,5906,1801.0,1018.0,677,323,740,1347,0.32,0.6799999999999999,3.22,157.1,0.0274,0.3718
2022-07-02,7243,2637.0,914.0,1128,901,786,877,0.68,0.31999999999999995,2.69,450.92,0.0168,0.2985
2022-07-03,6359,2043.0,1392.0,774,366,1193,591,0.37,0.63,5.85,229.16,0.0201,0.4306
2022-07-04,4048,1276.0,660.0,787,388,781,156,0.47,0.53,6.63,319.06,0.0257,0.3784
2022-07-05,4405,2085.0,476.0,721,250,550,323,0.68,0.31999999999999995,5.08,462.07,0.0255,0.2658
2022-07-06,5718,2468.0,874.0,932,662,1141,-359,0.69,0.31000000000000005,2.14,427.06,0.0359,0.5039
2022-07-07,5587,1878.0,1007.0,1011,411,580,700,0.69,0.31000000000000005,5.01,112.65,0.0368,0.5902
2022-07-08,5133,2008.0,1084.0,688,622,902,-171,0.64,0.36,5.13,307.4,0.0326,0.3227
2022-07-09,5432,1793.0,1132.0,564,667,895,381,0.63,0.37,7.63,280.99,0.0105,0.3283
2022-07-10,5659,2385.0,673.0,1086,762,922,-169,0.67,0.32999999999999996,7.3,418.88,0.0291,0.2038
2022-07-11,4439,1810.0,791.0,746,601,570,-79,0.49,0.51,4.25,74.32,0.0467,0.2868
2022-07-12,5375,2313.0,989.0,633,674,665,101,0.55,0.44999999999999996,6.63,411.39,0.0455,0.3815
2022-07-13,4739,1855.0,594.0,671,414,512,693,0.62,0.38,7.69,174.44,0.0304,0.3465
2022-07-14,3798,1232.0,857.0,713,534,665,-203,0.31,0.69,6.14,320.68,0.0325,0.5686
2022-07-15,4979,1643.0,668.0,633,387,613,1035,0.43,0.5700000000000001,3.07,262.41,0.0369,0.2718
2022-07-16,5221,1996.0,1127.0,752,539,1027,-220,0.63,0.37,5.9,377.62,0.0313,0.4565
2022-07-17,5221,2388.0,664.0,815,294,627,433,0.56,0.43999999999999995,7.72,474.56,0.0225,0.5448
2022-07-18,5169,2455.0,1280.0,884,673,764,-887,0.31,0.69,6.23,172.38,0.0424,0.2646
2022-07-19,4132,1584.0,929.0,560,581,685,-207,0.5,0.5,6.02,113.22,0.0264,0.5537
2022-07-20,3971,1555.0,680.0,656,279,483,318,0.66,0.33999999999999997,3.09,532.64,0.0319,0.4043
2022-07-21,4302,1327.0,1037.0,772,601,837,-272,0.63,0.37,4.25,387.44,0.0239,0.4816
2022-07-22,4779,1710.0,921.0,591,689,952,-84,0.51,0.49,2.69,185.31,0.0404,0.5836
2022-07-23,6234,2619.0,1055.0,1011,407,1085,57,0.47,0.53,5.43,534.75,0.019,0.4751
2022-07-24,4927,1542.0,1166.0,733,689,917,-120,0.46,0.54,5.43,260.87,0.0175,0.3837
2022-07-25,3845,1450.0,604.0,465,196,763,367,0.42,0.5800000000000001,6.13,499.68,0.0287,0.5636
2022-07-26,4027,1827.0,762.0,582,550,576,-270,0.63,0.37,7.87,526.53,0.0301,0.515
2022-07-27,4757,1577.0,1127.0,599,279,655,520,0.66,0.33999999999999997,5.25,348.5,0.0114,0.4332
2022-07-28,4452,1694.0,1042.0,492,657,785,-218,0.46,0.54,4.52,107.56,0.0318,0.483
2022-07-29,4622,1388.0,504.0,498,449,795,988,0.67,0.32999999999999996,7.43,561.41,0.0151,0.4554
2022-07-30,5434,1866.0,775.0,828,792,967,206,0.4,0.6,3.35,138.79,0.0443,0.5716
2022-07-31,5424,1928.0,1263.0,1007,411,575,240,0.58,0.42000000000000004,3.08,248.25,0.021,0.5415
2022-08-01,3658,1185.0,702.0,695,261,422,393,0.45,0.55,5.25,251.7,0.0119,0.4316
2022-08-02,3829,1306.0,526.0,625,510,593,269,0.49,0.51,3.03,517.44,0.0245,0.5166
2022-08-03,4671,2049.0,1145.0,551,667,691,-432,0.32,0.6799999999999999,4.44,452.63,0.028,0.2176
2022-08-04,3572,1596.0,405.0,548,441,490,92,0.45,0.55,2.26,470.01,0.044,0.3286
2022-08-05,3510,1202.0,653.0,607,216,383,449,0.65,0.35,3.53,291.76,0.015,0.4519
2022-08-06,5958,2212.0,1340.0,960,320,663,463,0.7,0.30000000000000004,2.77,259.78,0.0121,0.3981
2022-08-07,5528,2157.0,1372.0,828,332,943,-104,0.35,0.65,5.75,435.96,0.0166,0.2518
2022-08-08,3477,1677.0,382.0,579,481,355,3,0.35,0.65,7.86,352.31,0.0204,0.443
2022-08-09,3099,1248.0,389.0,410,271,368,413,0.33,0.6699999999999999,3.84,545.63,0.0306,0.3541
2022-08-10,3787,1495.0,833.0,627,328,421,83,0.59,0.41000000000000003,5.8,151.23,0.0213,0.4516
2022-08-11,3484,1519.0,356.0,457,439,523,190,0.41,0.5900000000000001,5.81,307.29,0.0372,0.3416
2022-08-12,3221,1553.0,491.0,468,402,413,-106,0.56,0.43999999999999995,3.54,309.99,0.022,0.3516
2022-08-13,5661,2129.0,877.0,677,323,709,946,0.39,0.61,8.0,483.94,0.0468,0.5217
2022-08-14,3989,1798.0,438.0,726,441,551,35,0.49,0.51,6.3,583.52,0.0375,0.5543
2022-08-15,2904,1010.0,354.0,291,309,579,361,0.55,0.44999999999999996,5.95,384.36,0.0374,0.4384
2022-08-16,3782,1727.0,818.0,468,349,392,28,0.67,0.32999999999999996,6.66,312.06,0.0369,0.4759
2022-08-17,3982,1713.0,467.0,746,277,464,315,0.59,0.41000000000000003,2.87,213.47,0.0207,0.5917
2022-08-18,3853,1694.0,612.0,763,293,442,49,0.63,0.37,5.29,526.94,0.0133,0.304
2022-08-19,2964,1413.0,554.0,530,292,386,-211,0.35,0.65,5.53,467.89,0.0209,0.5528
2022-08-20,5040,1803.0,543.0,685,543,999,467,0.48,0.52,2.05,307.27,0.0345,0.4476
2022-08-21,4082,1984.0,941.0,434,556,808,-641,0.53,0.47,7.43,418.93,0.046,0.2988
2022-08-22,3962,1465.0,751.0,584,385,757,20,0.31,0.69,6.92,309.07,0.03,0.3278
2022-08-23,3187,1354.0,721.0,521,462,480,-351,0.54,0.45999999999999996,7.3,119.35,0.0322,0.5868
2022-08-24,3329,1057.0,439.0,516,314,527,476,0.44,0.56,5.93,335.9,0.0454,0.3005
2022-08-25,3342,1206.0,662.0,374,442,386,272,0.58,0.42000000000000004,5.36,288.75,0.0331,0.3159
2022-08-26,3275,1399.0,604.0,645,258,549,-180,0.59,0.41000000000000003,6.41,518.52,0.0379,0.2128
2022-08-27,3751,1563.0,877.0,527,232,468,84,0.42,0.5800000000000001,2.83,549.57,0.0486,0.32
2022-08-28,4317,1616.0,1017.0,550,483,654,-3,0.64,0.36,3.01,69.03,0.0411,0.5059
2022-08-29,2772,907.0,314.0,422,324,430,375,0.45,0.55,2.75,92.48,0.0231,0.3857
2022-08-30,3019,1291.0,456.0,462,173,316,321,0.35,0.65,6.15,196.85,0.0396,0.4469
2022-08-31,3324,1026.0,349.0,548,382,352,667,0.58,0.42000000000000004,2.86,166.67,0.0145,0.5028
2022-09-01,3905,1758.0,880.0,464,324,623,-144,0.32,0.6799999999999999,6.37,89.23,0.0272,0.3399
2022-09-02,2606,1108.0,626.0,448,213,413,-202,0.45,0.55,7.25,143.19,0.0296,0.291
2022-09-03,3759,1460.0,482.0,660,326,609,222,0.35,0.65,6.88,438.34,0.035,0.4177
2022-09-04,4605,1681.0,571.0,789,504,920,140,0.41,0.5900000000000001,2.53,150.39,0.0228,0.2384
2022-09-05,3507,1625.0,782.0,535,240,689,-364,0.33,0.6699999999999999,3.43,221.28,0.0475,0.341
2022-09-06,3537,1177.0,396.0,676,200,354,734,0.55,0.44999999999999996,4.1,195.58,0.0444,0.2604
2022-09-07,2885,943.0,337.0,315,353,333,604,0.53,0.47,7.03,156.88,0.0138,0.3831
2022-09-08,2830,1059.0,497.0,306,299,496,173,0.67,0.32999999999999996,3.74,377.4,0.0239,0.2745
2022-09-09,3152,1037.0,375.0,540,421,494,285,0.35,0.65,2.52,232.59,0.0463,0.2264
2022-09-10,4496,1619.0,1098.0,608,586,694,-109,0.5,0.5,6.33,95.49,0.0162,0.4983
2022-09-11,3513,1209.0,409.0,444,507,450,494,0.45,0.55,2.87,487.77,0.0268,0.5409
2022-09-12,3711,1724.0,885.0,419,500,520,-337,0.54,0.45999999999999996,5.28,580.97,0.017,0.2805
2022-09-13,3137,1271.0,715.0,347,436,325,43,0.55,0.44999999999999996,2.63,153.92,0.0421,0.3456
2022-09-14,3253,1602.0,600.0,328,422,486,-185,0.43,0.5700000000000001,4.66,284.01,0.0165,0.3885
2022-09-15,3199,1092.0,534.0,595,314,350,314,0.57,0.43000000000000005,4.54,313.8,0.045,0.2348
2022-09-16,2641,1010.0,313.0,321,165,473,359,0.47,0.53,7.6,125.83,0.0423,0.4181
2022-09-17,3331,1265.0,379.0,579,291,498,319,0.57,0.43000000000000005,2.47,294.35,0.0269,0.5357
2022-09-18,3483,1520.0,778.0,420,474,600,-309,0.69,0.31000000000000005,3.25,360.57,0.0163,0.5252
2022-09-19,3241,1352.0,443.0,582,477,602,-215,0.3,0.7,5.88,540.9,0.0187,0.5785
2022-09-20,2485,773.0,509.0,392,330,311,170,0.44,0.56,2.71,225.14,0.0409,0.3258
2022-09-21,3420,1402.0,531.0,640,337,519,-9,0.62,0.38,7.64,433.53,0.0273,0.2057
2022-09-22,3164,1375.0,567.0,353,312,565,-8,0.61,0.39,2.17,187.93,0.0231,0.3022
2022-09-23,3456,1710.0,379.0,505,376,546,-60,0.62,0.38,7.98,567.67,0.0199,0.3853
2022-09-24,3498,1167.0,738.0,492,297,629,175,0.47,0.53,2.38,342.31,0.0421,0.2019
2022-09-25,3714,1406.0,648.0,485,370,619,186,0.43,0.5700000000000001,2.44,368.35,0.04,0.4351
2022-09-26,2874,980.0,613.0,459,333,367,122,0.33,0.6699999999999999,7.46,79.14,0.0278,0.4215
2022-09-27,3453,1188.0,576.0,561,437,536,155,0.4,0.6,4.14,552.43,0.0309,0.3798
2022-09-28,3444,1043.0,764.0,396,186,504,551,0.61,0.39,3.4,426.24,0.011,0.3747
2022-09-29,2603,1251.0,508.0,372,202,316,-46,0.51,0.49,6.96,351.35,0.0242,0.3588
2022-09-30,3150,1287.0,683.0,421,165,497,97,0.67,0.32999999999999996,6.52,587.26,0.0101,0.2912
2022-10-01,4214,1762.0,952.0,515,213,774,-2,0.41,0.5900000000000001,2.14,268.08,0.0353,0.34
2022-10-02,4488,1946.0,802.0,549,633,876,-318,0.7,0.30000000000000004,6.24,522.11,0.0296,0.3565
2022-10-03,3164,1456.0,384.0,423,448,331,122,0.57,0.43000000000000005,3.24,492.7,0.0342,0.3339
2022-10-04,2676,1171.0,485.0,357,170,499,-6,0.4,0.6,2.39,233.07,0.0425,0.3525
2022-10-05,2418,1161.0,384.0,332,343,314,-116,0.68,0.31999999999999995,2.51,167.04,0.0312,0.4865
2022-10-06,2932,961.0,423.0,574,240,300,434,0.36,0.64,4.03,272.41,0.0319,0.5751
2022-10-07,2669,851.0,468.0,339,220,416,375,0.4,0.6,3.84,567.22,0.0462,0.2424
2022-10-08,3152,1450.0,596.0,598,420,329,-241,0.33,0.6699999999999999,5.76,364.77,0.0281,0.4373
2022-10-09,4064,1561.0,704.0,581,224,702,292,0.46,0.54,4.71,301.26,0.012,0.5245
2022-10-10,2439,875.0,470.0,457,216,256,165,0.62,0.38,7.63,327.67,0.0126,0.2792
2022-10-11,3400,1500.0,716.0,473,293,480,-62,0.68,0.31999999999999995,4.43,344.19,0.0429,0.4237
2022-10-12,2982,944.0,656.0,371,272,324,415,0.66,0.33999999999999997,7.3,104.83,0.0375,0.4535
2022-10-13,2951,1254.0,485.0,331,403,483,-5,0.5,0.5,6.32,566.51,0.0185,0.5518
2022-10-14,3219,1142.0,408.0,427,224,551,467,0.54,0.45999999999999996,2.49,103.01,0.0497,0.2168
2022-10-15,4565,2015.0,987.0,637,559,878,-511,0.33,0.6699999999999999,3.96,539.88,0.0355,0.3616
2022-10-16,4749,1939.0,519.0,767,654,780,90,0.46,0.54,6.83,278.98,0.0137,0.213
2022-10-17,3416,1547.0,784.0,546,182,442,-85,0.47,0.53,5.03,518.74,0.0279,0.3528
2022-10-18,2656,1276.0,632.0,488,170,470,-380,0.54,0.45999999999999996,3.75,587.73,0.0109,0.3569
2022-10-19,3255,1100.0,621.0,546,179,620,189,0.49,0.51,6.09,384.82,0.0402,0.2196
2022-10-20,3398,1109.0,592.0,646,486,410,155,0.6,0.4,7.48,354.16,0.0371,0.2549
2022-10-21,2999,961.0,317.0,448,329,593,351,0.38,0.62,6.01,488.01,0.0489,0.4921
2022-10-22,3432,1423.0,557.0,651,441,536,-176,0.5,0.5,6.44,174.09,0.0295,0.3393
2022-10-23,3921,1324.0,950.0,703,485,604,-145,0.46,0.54,4.72,537.52,0.0328,0.4982
2022-10-24,2677,1297.0,290.0,347,323,349,71,0.64,0.36,7.86,577.29,0.0158,0.2019
2022-10-25,3738,1211.0,846.0,511,315,579,276,0.63,0.37,2.73,468.57,0.0341,0.2067
2022-10-26,3409,1137.0,744.0,513,315,574,126,0.48,0.52,2.28,546.5,0.0205,0.2449
2022-10-27,2891,1053.0,501.0,458,336,402,141,0.54,0.45999999999999996,3.01,427.07,0.04,0.3389
2022-10-28,3379,1574.0,353.0,404,262,600,186,0.66,0.33999999999999997,4.79,547.43,0.0411,0.5995
2022-10-29,3557,1407.0,542.0,672,241,541,154,0.5,0.5,7.99,549.95,0.0274,0.2034
2022-10-30,4063,1625.0,840.0,633,262,807,-104,0.5,0.5,4.43,316.18,0.0215,0.2493
2022-10-31,3413,1646.0,444.0,476,277,597,-27,0.54,0.45999999999999996,6.0,170.71,0.0354,0.5878
2022-11-01,2957,1102.0,415.0,552,301,402,185,0.6,0.4,6.15,221.98,0.0261,0.3598
2022-11-02,3276,1426.0,459.0,337,396,572,86,0.35,0.65,7.5,421.3,0.0478,0.4612
2022-11-03,3973,1481.0,471.0,551,421,574,475,0.4,0.6,6.7,597.35,0.0331,0.3416
2022-11-04,2784,1268.0,527.0,370,246,502,-129,0.62,0.38,3.94,554.4,0.0442,0.5781
2022-11-05,4557,1556.0,956.0,674,678,500,193,0.44,0.56,3.75,380.91,0.0183,0.2681
2022-11-06,3828,1878.0,838.0,548,545,458,-439,0.31,0.69,3.45,590.69,0.0211,0.2879
2022-11-07,3328,1638.0,768.0,558,213,629,-478,0.59,0.41000000000000003,4.5,240.86,0.0345,0.3552
2022-11-08,2929,1083.0,318.0,545,280,481,222,0.44,0.56,3.25,231.2,0.0307,0.516
2022-11-09,3287,1214.0,742.0,556,301,469,5,0.6,0.4,4.42,314.76,0.039,0.3006
2022-11-10,2843,967.0,443.0,549,251,407,226,0.36,0.64,5.34,449.38,0.0209,0.4028
2022-11-11,6544,2184.0,1315.0,1083,471,1120,371,0.46,0.54,7.33,304.13,0.0352,0.3795
2022-11-12,4449,1745.0,903.0,531,243,512,515,0.34,0.6599999999999999,3.06,592.76,0.0236,0.5782
2022-11-13,4515,1561.0,677.0,710,328,746,493,0.59,0.41000000000000003,3.21,463.17,0.0383,0.5756
2022-11-14,4209,1974.0,1020.0,643,529,436,-393,0.38,0.62,7.18,173.5,0.0378,0.253
2022-11-15,3860,1714.0,786.0,558,271,764,-233,0.5,0.5,2.53,146.97,0.034,0.2855
2022-11-16,3184,1480.0,352.0,603,244,458,47,0.46,0.54,6.15,305.17,0.0212,0.4853
2022-11-17,3004,1036.0,704.0,414,423,362,65,0.36,0.64,4.56,343.4,0.0252,0.2992
2022-11-18,3383,1469.0,708.0,637,292,481,-204,0.37,0.63,3.83,278.83,0.0295,0.5547
2022-11-19,5239,2439.0,526.0,708,672,723,171,0.42,0.5800000000000001,6.08,99.11,0.0348,0.3336
2022-11-20,4786,2078.0,707.0,862,369,601,169,0.54,0.45999999999999996,4.27,515.55,0.0366,0.5017
2022-11-21,4080,1617.0,628.0,523,541,496,275,0.65,0.35,6.37,60.36,0.0489,0.4781
2022-11-22,4238,1752.0,619.0,516,264,526,561,0.59,0.41000000000000003,3.45,469.39,0.0483,0.2822
2022-11-23,3399,1677.0,572.0,598,393,503,-344,0.59,0.41000000000000003,7.93,213.47,0.0237,0.3065
2022-11-24,4350,1798.0,439.0,509,605,749,250,0.37,0.63,6.01,137.71,0.0273,0.4752
2022-11-25,4049,1879.0,679.0,721,560,681,-471,0.49,0.51,2.2,313.04,0.03,0.5934
2022-11-26,5146,2482.0,664.0,1027,494,996,-517,0.57,0.43000000000000005,2.73,318.31,0.0427,0.5925
2022-11-27,9558,3377.0,2090.0,1880,670,1116,425,0.6,0.4,4.95,96.39,0.0129,0.5275
2022-11-28,3466,1479.0,770.0,455,405,356,1,0.31,0.69,4.51,151.56,0.0324,0.3814
2022-11-29,4177,2073.0,607.0,525,375,709,-112,0.64,0.36,7.02,481.49,0.0263,0.3263
2022-11-30,3842,,,584,454,668,314,0.33,0.6699999999999999,6.82,474.19,0.0183,0.5983
2022-12-01,4052,1684.0,591.0,539,572,657,9,0.45,0.55,4.66,100.91,0.0116,0.5262
2022-12-02,3864,1630.0,605.0,529,318,663,119,0.53,0.47,4.48,225.36,0.0283,0.2975
2022-12-03,4319,1730.0,845.0,858,334,777,-225,0.52,0.48,5.55,592.28,0.0127,0.4381
2022-12-04,5288,2628.0,1072.0,709,450,1035,-606,0.69,0.31000000000000005,2.49,85.0,0.0159,0.5818
2022-12-05,4228,1990.0,611.0,729,623,494,-219,0.7,0.30000000000000004,3.18,506.93,0.0218,0.5868
2022-12-06,3661,1765.0,910.0,676,531,537,-758,0.43,0.5700000000000001,7.31,360.6,0.0307,0.2366
2022-12-07,4468,1786.0,585.0,683,423,673,318,0.4,0.6,7.69,520.27,0.0293,0.4132
2022-12-08,4994,2306.0,1166.0,965,657,623,-723,0.56,0.43999999999999995,7.19,571.79,0.0102,0.3484
2022-12-09,4028,1358.0,864.0,620,274,629,283,0.61,0.39,7.31,523.29,0.0114,0.2001
2022-12-10,5945,1869.0,663.0,926,855,690,942,0.63,0.37,7.49,463.95,0.0249,0.5959
2022-12-11,5899,2772.0,1039.0,706,650,1097,-365,0.6,0.4,2.49,500.0,0.0465,0.5444
2022-12-12,5157,2003.0,557.0,919,572,758,348,0.66,0.33999999999999997,6.95,219.63,0.0467,0.3834
2022-12-13,4272,1403.0,722.0,834,604,765,-56,0.54,0.45999999999999996,4.22,419.71,0.0133,0.2079
2022-12-14,4359,1323.0,649.0,559,491,628,709,0.62,0.38,6.77,523.73,0.0465,0.4949
2022-12-15,4011,1262.0,735.0,652,548,631,183,0.41,0.5900000000000001,6.3,387.35,0.0265,0.3957
2022-12-16,3760,1296.0,833.0,548,298,691,94,0.36,0.64,2.91,63.14,0.0211,0.3209
2022-12-17,4875,2156.0,701.0,622,315,729,352,0.57,0.43000000000000005,6.53,257.89,0.0403,0.4777
2022-12-18,6652,2332.0,1645.0,1251,608,976,-160,0.58,0.42000000000000004,7.28,198.48,0.0472,0.4574
2022-12-19,4108,1731.0,981.0,484,355,612,-55,0.3,0.7,2.7,455.29,0.0334,0.3206
2022-12-20,5265,1603.0,549.0,620,691,916,886,0.52,0.48,7.37,329.53,0.0103,0.5785
2022-12-21,4153,1921.0,855.0,808,597,544,-572,0.61,0.39,6.81,204.87,0.0364,0.2581
2022-12-22,5004,2174.0,1094.0,597,648,518,-27,0.7,0.30000000000000004,5.58,134.14,0.0251,0.2474
2022-12-23,5549,2051.0,1325.0,1101,448,1089,-465,0.35,0.65,5.36,356.85,0.043,0.5965
2022-12-24,6966,2875.0,951.0,1245,547,1043,305,0.42,0.5800000000000001,7.26,239.26,0.0103,0.2853
2022-12-25,13294,5334.0,2368.0,2324,1836,2496,-1064,0.58,0.42000000000000004,3.52,62.62,0.0253,0.2676
2022-12-26,4518,1991.0,1017.0,798,425,632,-345,0.37,0.63,7.94,275.36,0.0326,0.5786
2022-12-27,4422,1900.0,780.0,665,462,802,-187,0.34,0.6599999999999999,2.25,84.53,0.0499,0.3404
2022-12-28,4027,1837.0,492.0,502,413,431,352,0.52,0.48,2.58,462.83,0.0442,0.2409
2022-12-29,5878,2238.0,1119.0,964,689,976,-108,0.39,0.61,3.95,97.63,0.0453,0.2297
2022-12-30,5457,2090.0,1094.0,609,304,750,610,0.65,0.35,7.78,321.35,0.018,0.514
2022-12-31,6627,2190.0,1013.0,1199,581,927,717,0.62,0.38,6.01,123.82,0.0295,0.5177
2023-01-01,15017,6027.0,2680.0,2214,1241,2407,448,0.62,0.38,5.97,419.19,0.0255,0.3334
2023-01-02,5886,2357.0,913.0,979,505,807,325,0.39,0.61,3.0,345.34,0.0216,0.457
2023-01-03,5344,2325.0,1134.0,916,651,821,-503,0.39,0.61,2.8,456.51,0.0465,0.3894
2023-01-04,5482,1682.0,1082.0,583,371,977,787,0.34,0.6599999999999999,3.46,224.45,0.0392,0.2133
2023-01-05,4456,1537.0,1097.0,750,631,642,-201,0.34,0.6599999999999999,5.91,449.48,0.0176,0.3583
2023-01-06,6056,2634.0,1453.0,1058,598,840,-527,0.39,0.61,3.24,477.63,0.0138,0.2445
2023-01-07,5644,2514.0,579.0,802,303,704,742,0.55,0.44999999999999996,2.49,150.64,0.0342,0.4044
2023-01-08,6799,2754.0,1589.0,698,946,930,-118,0.52,0.48,7.67,429.02,0.0307,0.2139
2023-01-09,4789,1437.0,1125.0,525,491,925,286,0.42,0.5800000000000001,6.22,536.46,0.0109,0.3822
2023-01-10,4664,1417.0,677.0,747,330,472,1021,0.45,0.55,2.43,371.68,0.0241,0.2266
2023-01-11,6052,2498.0,740.0,1061,351,726,676,0.42,0.5800000000000001,7.79,165.66,0.0402,0.4517
2023-01-12,5052,2360.0,868.0,518,259,759,288,0.66,0.33999999999999997,3.41,463.09,0.037,0.3869
2023-01-13,4691,1513.0,699.0,843,699,855,82,0.5,0.5,7.25,209.1,0.03,0.2107
2023-01-14,6481,,,1023,684,925,742,0.48,0.52,5.86,516.67,0.0499,0.4177
2023-01-15,6569,3264.0,1268.0,1273,765,824,-825,0.65,0.35,6.15,568.36,0.0446,0.252
2023-01-16,5341,2336.0,1001.0,1013,506,1024,-539,0.48,0.52,5.26,84.01,0.0259,0.3957
2023-01-17,5046,2229.0,1149.0,607,737,846,-522,0.57,0.43000000000000005,6.38,442.99,0.0363,0.2335
2023-01-18,5516,1719.0,909.0,1074,291,878,645,0.66,0.33999999999999997,5.02,523.01,0.0117,0.5396
2023-01-19,5851,2642.0,1300.0,1072,478,1144,-785,0.62,0.38,4.1,545.75,0.0255,0.2686
2023-01-20,4974,1980.0,1204.0,994,340,613,-157,0.38,0.62,6.48,489.09,0.037,0.2076
2023-01-21,6257,2811.0,1151.0,987,719,644,-55,0.62,0.38,7.19,104.26,0.0297,0.2889
2023-01-22,6197,2665.0,789.0,945,745,1000,53,0.52,0.48,3.53,478.18,0.0427,0.2611
2023-01-23,4767,1528.0,507.0,709,492,677,854,0.32,0.6799999999999999,2.54,527.49,0.0131,0.2981
2023-01-24,4947,2269.0,1118.0,594,533,662,-229,0.34,0.6599999999999999,4.5,309.69,0.0418,0.461
2023-01-25,6272,2980.0,1487.0,879,531,643,-248,0.55,0.44999999999999996,7.94,175.19,0.0204,0.2027
2023-01-26,5550,2104.0,1147.0,1090,493,897,-181,0.31,0.69,4.0,396.41,0.012,0.3293
2023-01-27,5535,1727.0,953.0,767,397,587,1104,0.53,0.47,2.35,347.49,0.034,0.4627
2023-01-28,8687,3056.0,1031.0,985,441,1732,1442,0.38,0.62,2.53,439.71,0.0241,0.5189
2023-01-29,9161,4406.0,997.0,1182,1039,1036,501,0.45,0.55,2.12,188.97,0.0466,0.3128
2023-01-30,5508,1865.0,1291.0,848,534,595,375,0.58,0.42000000000000004,2.31,270.95,0.019,0.2608
2023-01-31,6396,2952.0,1580.0,1100,608,916,-760,0.38,0.62,4.71,482.02,0.0455,0.3906
2023-02-01,5235,1994.0,530.0,925,443,796,547,0.55,0.44999999999999996,2.47,176.28,0.0159,0.5874
2023-02-02,6995,3436.0,1504.0,787,948,1105,-785,0.61,0.39,6.81,127.27,0.0204,0.3941
2023-02-03,5304,2398.0,879.0,1055,344,963,-335,0.38,0.62,4.73,565.11,0.048,0.3667
2023-02-04,9425,3123.0,1213.0,961,754,1197,2177,0.67,0.32999999999999996,7.13,173.46,0.0378,0.5127
2023-02-05,6435,2405.0,805.0,1053,857,1256,59,0.59,0.41000000000000003,2.21,469.95,0.037,0.4413
2023-02-06,6625,2594.0,760.0,749,873,1260,389,0.42,0.5800000000000001,2.38,430.33,0.0411,0.4721
2023-02-07,7435,3639.0,1530.0,880,672,895,-181,0.35,0.65,3.95,256.76,0.0359,0.4205
2023-02-08,6906,2358.0,1262.0,1022,460,1044,760,0.43,0.5700000000000001,2.65,63.72,0.0422,0.3517
2023-02-09,7452,3625.0,1064.0,1242,561,1448,-488,0.68,0.31999999999999995,5.12,258.33,0.0412,0.4504
2023-02-10,7521,2878.0,815.0,994,1072,920,842,0.42,0.5800000000000001,4.65,588.83,0.0121,0.579
2023-02-11,7556,3594.0,1645.0,810,930,979,-402,0.35,0.65,2.77,565.35,0.0431,0.3328
2023-02-12,9238,4395.0,2255.0,1652,865,1773,-1702,0.5,0.5,4.87,232.39,0.0367,0.5037
2023-02-13,5401,1810.0,650.0,1012,748,548,633,0.45,0.55,3.04,186.9,0.0128,0.4608
2023-02-14,16079,7481.0,3619.0,3137,1560,2554,-2272,0.35,0.65,5.46,582.96,0.0221,0.4831
2023-02-15,7286,2591.0,1381.0,1421,397,1388,108,0.43,0.5700000000000001,6.48,318.11,0.0354,0.246
2023-02-16,6923,2113.0,1503.0,709,369,839,1390,0.65,0.35,6.63,352.17,0.0468,0.421
2023-02-17,7125,2822.0,1508.0,972,592,1029,202,0.54,0.45999999999999996,4.91,527.51,0.0386,0.2351
2023-02-18,8069,2770.0,1094.0,1132,1199,953,921,0.46,0.54,5.4,507.92,0.0231,0.4199
2023-02-19,7721,2777.0,825.0,1484,1114,1175,346,0.48,0.52,7.83,483.85,0.0338,0.3135
2023-02-20,6215,2496.0,707.0,1235,323,942,512,0.5,0.5,3.39,473.65,0.0303,0.5389
2023-02-21,7176,2591.0,1432.0,1118,1015,1164,-144,0.35,0.65,7.4,384.12,0.037,0.5955
2023-02-22,7514,2996.0,1642.0,999,566,1472,-161,0.31,0.69,2.31,103.87,0.048,0.5853
2023-02-23,6775,2128.0,1367.0,1107,747,789,637,0.6,0.4,7.25,481.05,0.0248,0.3059
2023-02-24,6919,2453.0,1644.0,992,924,1316,-410,0.45,0.55,4.4,409.96,0.0209,0.3555
2023-02-25,7303,3166.0,898.0,1410,783,836,210,0.7,0.30000000000000004,6.79,422.95,0.0369,0.3567
2023-02-26,8108,2731.0,1096.0,1565,1066,1022,628,0.39,0.61,5.38,415.34,0.0154,0.2125
2023-02-27,5497,2695.0,1276.0,1037,465,993,-969,0.42,0.5800000000000001,3.84,425.38,0.0376,0.5004
2023-02-28,6735,2159.0,1593.0,928,907,802,346,0.68,0.31999999999999995,6.71,565.56,0.0143,0.3869
2023-03-01,6724,2852.0,1348.0,831,856,687,150,0.42,0.5800000000000001,7.18,140.23,0.0311,0.2541
2023-03-02,5594,2017.0,645.0,564,534,757,1077,0.54,0.45999999999999996,4.71,325.32,0.0218,0.4168
2023-03-03,6607,3290.0,1196.0,663,737,874,-153,0.38,0.62,7.8,161.65,0.0178,0.4589
2023-03-04,10266,4394.0,2134.0,1082,1020,1343,293,0.52,0.48,2.44,352.84,0.0363,0.5037
2023-03-05,7851,3219.0,1446.0,1305,1098,1077,-294,0.42,0.5800000000000001,5.9,102.94,0.0482,0.2027
2023-03-06,6327,2531.0,686.0,1108,336,860,806,0.4,0.6,7.11,194.58,0.0294,0.4836
2023-03-07,6827,3293.0,1516.0,847,661,737,-227,0.34,0.6599999999999999,3.73,395.28,0.0455,0.4418
2023-03-08,5541,1898.0,1370.0,819,608,959,-113,0.42,0.5800000000000001,3.07,542.04,0.029,0.3147
2023-03-09,7542,3295.0,853.0,1106,936,842,510,0.48,0.52,2.1,100.87,0.0406,0.3218
2023-03-10,6754,2086.0,1525.0,1169,637,1272,65,0.48,0.52,4.45,404.82,0.0264,0.4423
2023-03-11,7585,3593.0,1092.0,974,1008,1288,-370,0.5,0.5,2.67,252.69,0.0235,0.4064
2023-03-12,9402,4005.0,2333.0,1515,1264,1488,-1203,0.62,0.38,6.61,432.43,0.0256,0.3552
2023-03-13,5979,1855.0,1216.0,1105,334,967,502,0.32,0.6799999999999999,4.65,558.83,0.0113,0.3129
2023-03-14,7720,2953.0,1387.0,1107,1036,915,322,0.48,0.52,7.06,151.88,0.0241,0.4755
2023-03-15,6181,2572.0,1237.0,908,700,882,-118,0.66,0.33999999999999997,5.52,509.17,0.0477,0.4973
2023-03-16,7158,3421.0,822.0,1367,777,1014,-243,0.56,0.43999999999999995,4.9,586.25,0.0428,0.3865
2023-03-17,8052,3853.0,1260.0,852,1035,1150,-98,0.59,0.41000000000000003,5.44,526.23,0.0174,0.2929
2023-03-18,10738,4544.0,2509.0,1843,1317,2137,-1612,0.53,0.47,7.43,477.24,0.0477,0.3446
2023-03-19,10673,3956.0,2575.0,1837,930,1904,-529,0.65,0.35,7.01,286.04,0.0321,0.4467
2023-03-20,8069,2467.0,1785.0,1055,1205,1411,146,0.63,0.37,6.1,578.9,0.0176,0.2329
2023-03-21,6370,2090.0,1448.0,1225,874,1112,-379,0.45,0.55,2.69,218.41,0.0383,0.5001
2023-03-22,8177,3603.0,850.0,888,522,1605,709,0.64,0.36,5.59,392.12,0.0134,0.436
2023-03-23,5855,2781.0,1194.0,1162,498,731,-511,0.48,0.52,7.55,511.9,0.0343,0.27
2023-03-24,7094,2501.0,803.0,958,396,1124,1312,0.61,0.39,2.21,262.12,0.0256,0.5786
2023-03-25,7568,2453.0,1571.0,1447,737,1170,190,0.42,0.5800000000000001,6.46,313.35,0.0168,0.4289
2023-03-26,9255,3901.0,2174.0,1579,1258,1236,-893,0.31,0.69,7.7,443.66,0.0132,0.4204
2023-03-27,7638,2389.0,1657.0,1357,590,1504,141,0.6,0.4,6.77,72.84,0.0223,0.2781
2023-03-28,7436,2406.0,1780.0,843,849,1338,220,0.38,0.62,3.78,133.7,0.0182,0.5965
2023-03-29,7110,2699.0,1493.0,1147,831,1133,-193,0.68,0.31999999999999995,6.92,98.83,0.04,0.2282
2023-03-30,7905,2512.0,1122.0,1335,484,968,1484,0.51,0.49,4.97,483.14,0.0268,0.2344
2023-03-31,6888,2862.0,975.0,1002,425,1315,309,0.36,0.64,4.66,62.16,0.0499,0.5004
2023-04-01,9341,3356.0,2245.0,988,513,1566,673,0.62,0.38,7.92,97.58,0.0342,0.2429
2023-04-02,9424,3917.0,950.0,1524,1310,1696,27,0.56,0.43999999999999995,6.08,516.2,0.042,0.4004
2023-04-03,6287,2463.0,1029.0,663,936,826,370,0.62,0.38,6.61,511.69,0.0312,0.2012
2023-04-04,5997,2851.0,1110.0,1101,497,877,-439,0.61,0.39,3.76,563.13,0.0161,0.4678
2023-04-05,6682,,,871,645,868,-370,0.51,0.49,5.62,305.97,0.0376,0.3451
2023-04-06,7236,2913.0,826.0,1398,394,1060,645,0.31,0.69,6.55,553.2,0.0333,0.5042
2023-04-07,5884,2826.0,1394.0,1035,793,1026,-1190,0.33,0.6699999999999999,5.18,565.84,0.0419,0.399
2023-04-08,10004,4070.0,2444.0,1320,1406,1523,-759,0.32,0.6799999999999999,6.11,257.32,0.0115,0.3423
2023-04-09,7767,3764.0,1163.0,1002,731,1373,-266,0.46,0.54,2.53,512.09,0.0389,0.5591
2023-04-10,7317,3298.0,1760.0,819,866,1342,-768,0.5,0.5,6.85,287.64,0.0272,0.5986
2023-04-11,7127,3419.0,1473.0,1404,1066,755,-990,0.33,0.6699999999999999,4.86,132.77,0.0399,0.5956
2023-04-12,6407,2813.0,1355.0,891,533,1202,-387,0.48,0.52,3.83,198.48,0.0396,0.5741
2023-04-13,7488,2632.0,1145.0,914,700,1198,899,0.5,0.5,4.19,148.56,0.0325,0.4606
2023-04-14,7316,3161.0,1731.0,1426,370,1161,-533,0.43,0.5700000000000001,2.9,476.13,0.0452,0.5351
2023-04-15,9538,3970.0,2175.0,1517,917,1229,-270,0.64,0.36,7.22,174.88,0.049,0.5619
2023-04-16,7486,3624.0,1136.0,1304,859,1273,-710,0.47,0.53,3.99,235.61,0.0376,0.4328
2023-04-17,7636,2881.0,1332.0,1272,780,996,375,0.47,0.53,2.63,361.55,0.0277,0.2969
2023-04-18,5848,2770.0,957.0,1093,718,809,-499,0.56,0.43999999999999995,6.58,423.85,0.0388,0.2003
2023-04-19,8010,2662.0,1894.0,1528,530,1545,-149,0.68,0.31999999999999995,6.38,76.32,0.0395,0.5843
2023-04-20,7921,3579.0,1363.0,954,1132,1141,-248,0.45,0.55,3.9,425.21,0.0111,0.3823
2023-04-21,6062,2302.0,1275.0,1127,473,717,168,0.67,0.32999999999999996,7.42,167.87,0.0109,0.2376
2023-04-22,9960,3648.0,1041.0,1055,554,1951,1711,0.5,0.5,6.94,472.23,0.0303,0.567
2023-04-23,10433,3701.0,2037.0,1473,1211,1150,861,0.41,0.5900000000000001,5.98,588.05,0.0411,0.5143
2023-04-24,7286,3642.0,1469.0,881,590,782,-78,0.67,0.32999999999999996,7.18,547.97,0.0152,0.3295
2023-04-25,7301,2871.0,1068.0,985,440,1056,881,0.39,0.61,6.75,460.42,0.0226,0.3475
2023-04-26,7656,2898.0,1228.0,1157,732,815,826,0.36,0.64,3.28,559.41,0.0158,0.3813
2023-04-27,7368,2663.0,1748.0,992,418,977,570,0.57,0.43000000000000005,5.36,215.18,0.0172,0.37
2023-04-28,8060,3905.0,1056.0,1284,532,1597,-314,0.4,0.6,5.06,372.05,0.014,0.3323
2023-04-29,8507,3619.0,1871.0,1096,516,1277,128,0.48,0.52,2.49,558.7,0.0467,0.3491
2023-04-30,7034,2564.0,894.0,1039,474,1395,668,0.6,0.4,4.29,533.38,0.0444,0.5773
2023-05-01,6810,2139.0,845.0,819,1005,698,1304,0.57,0.43000000000000005,3.38,394.45,0.0367,0.3117
2023-05-02,6641,2022.0,963.0,795,555,938,1368,0.47,0.53,7.74,538.47,0.0257,0.4923
2023-05-03,7728,3427.0,1678.0,1169,885,947,-378,0.59,0.41000000000000003,4.71,484.94,0.0182,0.5207
2023-05-04,6698,2512.0,1209.0,1024,590,1274,89,0.68,0.31999999999999995,2.39,407.77,0.0307,0.2856
2023-05-05,6796,2293.0,916.0,1198,494,700,1195,0.46,0.54,7.85,472.12,0.043,0.565
2023-05-06,7955,3521.0,1197.0,834,761,885,757,0.51,0.49,7.68,431.7,0.0315,0.403
2023-05-07,8482,2651.0,1242.0,1220,515,1543,1311,0.42,0.5800000000000001,5.29,392.06,0.0297,0.3624
2023-05-08,7455,3379.0,1604.0,1369,447,1396,-740,0.68,0.31999999999999995,6.32,376.62,0.0304,0.3807
2023-05-09,5992,2755.0,884.0,1149,517,715,-28,0.61,0.39,7.96,72.56,0.0332,0.5355
2023-05-10,5564,2463.0,794.0,676,668,738,225,0.67,0.32999999999999996,5.96,224.25,0.0274,0.5624
2023-05-11,7654,3732.0,1715.0,886,884,1510,-1073,0.5,0.5,2.76,154.85,0.0363,0.2658
2023-05-12,6318,3111.0,1130.0,1229,516,1050,-718,0.46,0.54,4.81,568.09,0.0187,0.3469
2023-05-13,8680,2932.0,1802.0,1238,461,940,1307,0.36,0.64,7.91,365.08,0.0154,0.4474
2023-05-14,8954,4037.0,1882.0,990,877,1765,-597,0.34,0.6599999999999999,2.78,68.46,0.0143,0.2272
2023-05-15,7421,2358.0,955.0,1382,952,1185,589,0.32,0.6799999999999999,7.96,218.0,0.0349,0.2556
2023-05-16,5364,,,566,365,733,245,0.46,0.54,2.76,79.17,0.0476,0.5806
2023-05-17,5784,2175.0,786.0,624,732,853,614,0.3,0.7,6.9,333.91,0.0144,0.5789
2023-05-18,6629,2989.0,777.0,862,371,1309,321,0.54,0.45999999999999996,4.75,500.67,0.0454,0.5614
2023-05-19,6505,2817.0,888.0,1221,815,1014,-250,0.52,0.48,4.81,549.23,0.0464,0.4738
2023-05-20,6780,2576.0,841.0,1102,679,1331,251,0.45,0.55,6.37,265.36,0.0489,0.567
2023-05-21,8989,3474.0,1025.0,1275,476,1028,1711,0.37,0.63,3.64,171.49,0.0145,0.2543
2023-05-22,7179,2687.0,1734.0,830,754,719,455,0.66,0.33999999999999997,6.97,258.17,0.0269,0.3069
2023-05-23,6397,2788.0,1564.0,990,669,1222,-836,0.52,0.48,2.4,137.6,0.0292,0.3528
2023-05-24,6368,2737.0,977.0,1240,660,1199,-445,0.32,0.6799999999999999,4.49,597.75,0.0365,0.2165
2023-05-25,5173,2483.0,788.0,657,387,907,-49,0.65,0.35,4.35,214.41,0.0147,0.4188
2023-05-26,5426,1679.0,772.0,555,789,856,775,0.53,0.47,2.2,473.35,0.0466,0.2845
2023-05-27,7236,2680.0,1061.0,808,460,1349,878,0.36,0.64,5.3,237.79,0.0404,0.381
2023-05-28,8136,2550.0,1185.0,1373,1046,821,1161,0.64,0.36,7.38,403.59,0.0383,0.5627
2023-05-29,7073,2288.0,1005.0,1286,968,766,760,0.66,0.33999999999999997,7.29,534.59,0.0152,0.5252
2023-05-30,4863,1844.0,1177.0,545,400,560,337,0.4,0.6,5.0,151.4,0.0252,0.5765
2023-05-31,6877,2369.0,928.0,1255,976,979,370,0.39,0.61,7.93,507.93,0.0403,0.2468
2023-06-01,5618,2793.0,793.0,827,766,1021,-582,0.45,0.55,3.88,132.15,0.0345,0.327
2023-06-02,5264,1714.0,1057.0,871,718,631,273,0.34,0.6599999999999999,5.97,358.11,0.0167,0.3268
2023-06-03,7678,2730.0,1373.0,1327,594,1391,263,0.6,0.4,7.42,422.85,0.0157,0.3616
2023-06-04,7080,2742.0,841.0,1288,946,912,351,0.62,0.38,7.16,473.44,0.0157,0.4146
2023-06-05,6366,2504.0,1497.0,671,615,988,91,0.68,0.31999999999999995,6.48,359.88,0.0216,0.2671
2023-06-06,6550,3040.0,1102.0,1282,524,949,-347,0.48,0.52,7.09,334.38,0.039,0.3227
2023-06-07,6631,2514.0,1385.0,1188,900,833,-189,0.66,0.33999999999999997,7.86,401.56,0.0145,0.2594
2023-06-08,5366,2562.0,904.0,1000,775,673,-548,0.68,0.31999999999999995,7.85,351.62,0.0402,0.5205
2023-06-09,6691,2063.0,879.0,1189,521,1318,721,0.49,0.51,4.09,62.37,0.0133,0.4251
2023-06-10,7947,2630.0,858.0,1316,1051,1334,758,0.56,0.43999999999999995,2.82,398.48,0.0107,0.302
2023-06-11,8470,4090.0,1060.0,1352,1079,1060,-171,0.52,0.48,2.79,467.0,0.0431,0.5895
2023-06-12,6413,3140.0,1412.0,1003,881,655,-678,0.55,0.44999999999999996,6.72,95.64,0.038,0.3396
2023-06-13,5754,1893.0,994.0,882,345,584,1056,0.47,0.53,3.0,242.21,0.0164,0.3714
2023-06-14,4828,2320.0,971.0,522,560,815,-360,0.3,0.7,5.46,508.97,0.0129,0.3981
2023-06-15,6171,2307.0,1363.0,794,356,1193,158,0.57,0.43000000000000005,6.26,353.75,0.04,0.5154
2023-06-16,5166,2538.0,885.0,936,335,642,-170,0.49,0.51,4.4,380.56,0.0457,0.5096
2023-06-17,6030,1927.0,1056.0,1001,732,928,386,0.7,0.30000000000000004,7.54,590.8,0.0335,0.3182
2023-06-18,6236,2236.0,1527.0,783,420,826,444,0.62,0.38,7.59,119.14,0.0261,0.3952
2023-06-19,5089,1648.0,1027.0,644,677,919,174,0.31,0.69,5.98,108.51,0.037,0.3321
2023-06-20,6075,1848.0,1386.0,635,568,1145,493,0.35,0.65,7.99,534.82,0.0131,0.5622
2023-06-21,5520,1846.0,814.0,945,470,1018,427,0.67,0.32999999999999996,6.27,165.4,0.0283,0.2595
2023-06-22,5028,1934.0,621.0,883,628,823,139,0.58,0.42000000000000004,3.17,211.03,0.0242,0.2765
2023-06-23,5160,1668.0,851.0,944,327,541,829,0.66,0.33999999999999997,6.41,384.79,0.0249,0.5023
2023-06-24,5839,2695.0,1364.0,1080,494,1049,-843,0.64,0.36,5.14,589.66,0.0388,0.2725
2023-06-25,5998,2357.0,718.0,617,795,638,873,0.56,0.43999999999999995,5.61,244.35,0.0383,0.2851
2023-06-26,4366,1483.0,811.0,493,494,593,492,0.5,0.5,6.44,402.31,0.0184,0.468
2023-06-27,5593,2651.0,657.0,706,569,920,90,0.49,0.51,3.15,343.49,0.0337,0.2363
2023-06-28,5834,2423.0,866.0,770,404,713,658,0.42,0.5800000000000001,4.52,546.33,0.0236,0.2327
2023-06-29,5811,2314.0,1184.0,589,678,602,444,0.58,0.42000000000000004,5.04,479.54,0.0211,0.3749
2023-06-30,4834,2260.0,530.0,560,277,504,703,0.38,0.62,2.72,585.28,0.0416,0.5748
2023-07-01,5454,2540.0,647.0,982,301,603,381,0.53,0.47,7.7,265.11,0.0179,0.3939
2023-07-02,7607,2984.0,1418.0,1268,1059,894,-16,0.61,0.39,3.62,242.87,0.0477,0.4376
2023-07-03,4745,1867.0,841.0,514,614,600,309,0.3,0.7,4.42,156.34,0.0296,0.5932
2023-07-04,5591,2792.0,1041.0,869,328,1044,-483,0.57,0.43000000000000005,2.4,395.52,0.0108,0.4791
2023-07-05,5114,2057.0,716.0,780,434,664,463,0.61,0.39,5.76,513.42,0.0199,0.5002
2023-07-06,4895,1724.0,1039.0,747,546,689,150,0.64,0.36,7.37,221.01,0.0306,0.5674
2023-07-07,4142,2002.0,917.0,452,529,815,-573,0.31,0.69,5.36,414.26,0.0492,0.4425
2023-07-08,6064,2593.0,711.0,1159,362,662,577,0.64,0.36,5.82,561.57,0.0345,0.3182
2023-07-09,6491,3235.0,1354.0,795,417,1288,-598,0.31,0.69,7.23,226.19,0.0349,0.3556
2023-07-10,4040,1972.0,508.0,550,294,438,278,0.39,0.61,7.76,434.36,0.018,0.2614
2023-07-11,4516,1936.0,525.0,454,523,825,253,0.48,0.52,4.1,122.05,0.0396,0.4805
2023-07-12,4313,1742.0,435.0,844,537,669,86,0.65,0.35,7.77,78.65,0.0254,0.5712
2023-07-13,4717,1424.0,938.0,554,305,909,587,0.47,0.53,7.62,355.35,0.0144,0.5229
2023-07-14,4236,1469.0,858.0,511,387,726,285,0.31,0.69,7.93,190.36,0.0368,0.4518
2023-07-15,6725,2565.0,900.0,1027,648,1122,463,0.52,0.48,7.8,70.85,0.0398,0.3299
2023-07-16,5890,1979.0,938.0,931,536,1101,405,0.53,0.47,2.89,506.61,0.0472,0.2537
2023-07-17,4400,1646.0,951.0,694,508,580,21,0.49,0.51,4.9,241.43,0.0308,0.4103
2023-07-18,5212,2005.0,632.0,962,626,987,0,0.64,0.36,7.52,380.46,0.0486,0.4918
2023-07-19,3699,1764.0,870.0,417,391,385,-128,0.31,0.69,6.1,197.59,0.0351,0.5418
2023-07-20,4230,1417.0,908.0,502,582,569,252,0.52,0.48,7.05,589.45,0.0435,0.4145
2023-07-21,4548,1671.0,882.0,556,591,573,275,0.58,0.42000000000000004,3.91,101.49,0.0472,0.3008
2023-07-22,6589,3003.0,1188.0,1044,512,1216,-374,0.54,0.45999999999999996,6.92,172.83,0.0355,0.5717
2023-07-23,4549,1738.0,654.0,881,579,796,-99,0.31,0.69,5.95,293.52,0.0102,0.2575
2023-07-24,4307,1569.0,922.0,816,595,599,-194,0.49,0.51,3.97,115.49,0.0133,0.446
2023-07-25,4621,1428.0,756.0,541,379,632,885,0.36,0.64,4.3,432.46,0.0465,0.2137
2023-07-26,3734,1860.0,594.0,422,426,699,-267,0.68,0.31999999999999995,3.67,390.76,0.0292,0.281
2023-07-27,3870,1512.0,669.0,648,556,738,-253,0.52,0.48,4.68,381.16,0.021,0.3379
2023-07-28,4557,1547.0,647.0,824,342,655,542,0.34,0.6599999999999999,5.76,448.48,0.0229,0.4956
2023-07-29,5616,2592.0,1224.0,768,732,720,-420,0.57,0.43000000000000005,5.48,209.03,0.041,0.2865
2023-07-30,4787,1884.0,1000.0,610,307,836,150,0.5,0.5,3.86,362.0,0.0403,0.3138
2023-07-31,4298,1538.0,818.0,674,319,554,395,0.52,0.48,5.31,149.67,0.0137,0.358
2023-08-01,4100,1481.0,905.0,555,509,766,-116,0.39,0.61,6.86,288.9,0.0393,0.385
2023-08-02,3512,1298.0,394.0,692,398,569,161,0.34,0.6599999999999999,7.74,293.62,0.0229,0.4947
2023-08-03,4301,1669.0,888.0,599,254,727,164,0.4,0.6,4.45,423.38,0.0196,0.4986
2023-08-04,4309,1965.0,740.0,449,419,628,108,0.53,0.47,3.89,240.79,0.0274,0.5512
2023-08-05,4203,1521.0,521.0,752,552,524,333,0.35,0.65,4.96,64.6,0.0452,0.5248
2023-08-06,4942,2354.0,1116.0,792,435,497,-252,0.55,0.44999999999999996,3.42,145.58,0.0209,0.5604
2023-08-07,4459,1640.0,736.0,650,648,856,-71,0.67,0.32999999999999996,4.08,238.78,0.0383,0.5613
2023-08-08,3225,1568.0,655.0,533,334,497,-362,0.65,0.35,6.95,498.35,0.0404,0.4093
2023-08-09,3598,1154.0,858.0,499,327,363,397,0.46,0.54,3.77,451.73,0.0449,0.5329
2023-08-10,3140,1330.0,631.0,342,291,527,19,0.49,0.51,4.29,590.64,0.0299,0.5305
2023-08-11,3180,1335.0,768.0,468,409,586,-386,0.67,0.32999999999999996,6.95,418.86,0.0208,0.2909
2023-08-12,4165,1760.0,847.0,633,476,581,-132,0.39,0.61,3.93,307.47,0.0183,0.5976
2023-08-13,4411,2013.0,1051.0,562,507,746,-468,0.42,0.5800000000000001,7.68,378.89,0.0306,0.4768
2023-08-14,4117,1782.0,775.0,683,582,611,-316,0.35,0.65,7.76,261.66,0.0452,0.3805
2023-08-15,4231,1322.0,597.0,585,576,577,574,0.65,0.35,4.59,595.79,0.0377,0.2761
2023-08-16,3425,1249.0,518.0,433,209,645,371,0.54,0.45999999999999996,4.06,533.38,0.0347,0.3919
2023-08-17,4139,1786.0,688.0,705,608,575,-223,0.45,0.55,3.21,359.07,0.0219,0.5983
2023-08-18,3086,937.0,346.0,348,369,592,494,0.31,0.69,6.86,552.64,0.0352,0.5626
2023-08-19,4740,2200.0,1134.0,925,579,682,-780,0.43,0.5700000000000001,2.3,575.98,0.0367,0.3823
2023-08-20,4364,2065.0,661.0,612,498,699,-171,0.43,0.5700000000000001,3.67,262.99,0.0116,0.5538
2023-08-21,3630,1722.0,484.0,657,293,638,-164,0.56,0.43999999999999995,6.56,60.99,0.0139,0.4633
2023-08-22,2884,962.0,434.0,327,155,502,504,0.5,0.5,3.78,478.41,0.0276,0.484
2023-08-23,3178,1510.0,669.0,329,426,519,-275,0.41,0.5900000000000001,2.29,224.51,0.0442,0.225
2023-08-24,3287,1358.0,617.0,475,311,464,62,0.46,0.54,4.07,286.86,0.017,0.3295
2023-08-25,3365,1411.0,446.0,548,452,564,-56,0.56,0.43999999999999995,2.53,257.44,0.0361,0.5003
2023-08-26,5029,2453.0,513.0,724,433,989,-83,0.57,0.43000000000000005,3.6,555.77,0.0396,0.2956
2023-08-27,4102,1746.0,759.0,495,470,557,75,0.43,0.5700000000000001,7.94,130.45,0.0348,0.3051
2023-08-28,3859,1682.0,732.0,621,254,495,75,0.4,0.6,3.19,383.72,0.0104,0.2019
2023-08-29,3286,1156.0,423.0,394,213,599,501,0.39,0.61,6.03,132.34,0.0248,0.2263
2023-08-30,3851,1228.0,460.0,583,384,665,531,0.68,0.31999999999999995,2.01,406.92,0.0299,0.4728
2023-08-31,3041,1481.0,418.0,355,427,520,-160,0.46,0.54,3.18,463.68,0.0401,0.2294
2023-09-01,3045,1147.0,371.0,411,202,541,373,0.48,0.52,2.44,368.22,0.0418,0.4292
2023-09-02,4719,1674.0,1163.0,481,673,773,-45,0.46,0.54,7.78,231.18,0.0163,0.4254
2023-09-03,3387,1241.0,399.0,378,412,353,604,0.33,0.6699999999999999,6.76,564.79,0.0101,0.4911
2023-09-04,3688,1343.0,862.0,664,482,590,-253,0.47,0.53,7.47,334.73,0.0227,0.3448
2023-09-05,3028,1124.0,688.0,591,429,346,-150,0.6,0.4,3.22,425.08,0.036,0.5422
2023-09-06,3525,1404.0,363.0,691,192,571,304,0.36,0.64,6.04,106.55,0.0263,0.4732
2023-09-07,3186,1177.0,445.0,448,214,460,442,0.62,0.38,3.5,238.7,0.0116,0.3932
2023-09-08,3542,1409.0,718.0,546,189,495,185,0.4,0.6,6.01,80.46,0.0247,0.4443
2023-09-09,4596,2208.0,996.0,508,671,907,-694,0.63,0.37,4.64,375.33,0.0406,0.5803
2023-09-10,3254,1238.0,523.0,636,224,510,123,0.6,0.4,7.9,137.27,0.0487,0.4788
2023-09-11,3382,1688.0,561.0,601,481,365,-314,0.62,0.38,4.96,124.63,0.0493,0.3048
2023-09-12,3608,1665.0,427.0,487,490,423,116,0.35,0.65,5.31,491.67,0.012,0.4484
2023-09-13,3614,1535.0,373.0,636,206,371,493,0.33,0.6699999999999999,3.69,334.38,0.0381,0.4824
2023-09-14,2744,1248.0,547.0,295,145,384,125,0.47,0.53,4.71,553.43,0.0274,0.2314
2023-09-15,3596,1142.0,481.0,695,220,709,349,0.36,0.64,5.1,374.02,0.041,0.5205
2023-09-16,4066,1804.0,759.0,502,498,801,-298,0.46,0.54,2.55,388.6,0.0403,0.4299
2023-09-17,3231,1095.0,657.0,584,173,581,141,0.68,0.31999999999999995,5.12,414.64,0.0184,0.254
2023-09-18,3252,1245.0,751.0,641,382,617,-384,0.6,0.4,7.11,369.01,0.0301,0.5862
2023-09-19,3101,933.0,374.0,435,227,449,683,0.53,0.47,2.57,519.98,0.049,0.3691
2023-09-20,2785,907.0,315.0,360,140,289,774,0.67,0.32999999999999996,3.97,323.43,0.0485,0.4571
2023-09-21,3607,1116.0,845.0,404,280,718,244,0.65,0.35,4.68,434.8,0.0306,0.4966
2023-09-22,3602,1563.0,863.0,475,537,602,-438,0.31,0.69,5.09,91.66,0.0368,0.5297
2023-09-23,3366,1553.0,559.0,379,442,375,58,0.5,0.5,2.6,430.38,0.0413,0.2751
2023-09-24,3191,1359.0,749.0,415,240,616,-188,0.41,0.5900000000000001,5.79,375.0,0.0449,0.2612
2023-09-25,2778,872.0,456.0,374,321,507,248,0.37,0.63,2.65,302.6,0.0211,0.3378
2023-09-26,3541,1143.0,550.0,649,335,690,174,0.43,0.5700000000000001,4.79,382.08,0.0201,0.4571
2023-09-27,2935,1111.0,296.0,491,299,381,357,0.51,0.49,4.72,208.1,0.0316,0.2125
2023-09-28,3078,1360.0,350.0,384,282,599,103,0.36,0.64,7.62,533.34,0.0282,0.2589
2023-09-29,2795,1195.0,698.0,514,261,397,-270,0.51,0.49,2.89,291.32,0.0438,0.2831
2023-09-30,4391,1358.0,678.0,640,573,701,441,0.39,0.61,6.15,68.53,0.041,0.43
2023-10-01,4451,1716.0,842.0,803,490,521,79,0.65,0.35,3.31,556.1,0.0467,0.3292
2023-10-02,2685,1254.0,494.0,414,243,409,-129,0.32,0.6799999999999999,4.29,123.73,0.0326,0.3902
2023-10-03,3251,1267.0,751.0,503,433,389,-92,0.51,0.49,7.23,533.87,0.048,0.436
2023-10-04,3106,1370.0,673.0,321,325,587,-170,0.45,0.55,7.11,310.55,0.0326,0.3109
2023-10-05,2695,1344.0,525.0,454,393,320,-341,0.52,0.48,7.45,339.5,0.0172,0.3981
2023-10-06,3325,,,409,239,370,184,0.56,0.43999999999999995,3.96,343.21,0.0101,0.2292
2023-10-07,3665,1424.0,405.0,520,240,375,701,0.48,0.52,5.37,556.02,0.0417,0.5273
2023-10-08,3763,1292.0,766.0,445,413,630,217,0.39,0.61,2.51,201.13,0.0115,0.3167
2023-10-09,2746,947.0,279.0,370,371,303,476,0.39,0.61,4.34,243.94,0.0387,0.2652
2023-10-10,2533,1118.0,471.0,414,360,432,-262,0.64,0.36,5.23,558.7,0.026,0.3967
2023-10-11,2906,1324.0,560.0,418,231,444,-71,0.61,0.39,6.0,385.33,0.024,0.2078
2023-10-12,3473,1102.0,465.0,532,188,602,584,0.37,0.63,6.81,164.78,0.0422,0.4691
2023-10-13,2534,1034.0,497.0,322,191,500,-10,0.44,0.56,2.84,322.54,0.0152,0.369
2023-10-14,3910,1234.0,835.0,713,527,458,143,0.6,0.4,4.41,138.81,0.0483,0.5318
2023-10-15,3611,1413.0,857.0,390,403,460,88,0.39,0.61,5.85,98.7,0.039,0.2275
2023-10-16,2604,1009.0,607.0,296,240,502,-50,0.44,0.56,2.04,91.56,0.0243,0.3831
2023-10-17,3196,1063.0,554.0,352,206,509,512,0.35,0.65,3.56,597.21,0.0435,0.3274
2023-10-18,2884,978.0,478.0,550,275,423,180,0.42,0.5800000000000001,2.4,171.21,0.0132,0.3974
2023-10-19,3378,1141.0,381.0,551,293,376,636,0.58,0.42000000000000004,3.37,96.47,0.0298,0.4858
2023-10-20,2962,987.0,418.0,413,179,474,491,0.52,0.48,3.22,87.33,0.0108,0.5505
2023-10-21,4061,1523.0,571.0,614,283,473,597,0.62,0.38,4.38,135.86,0.0427,0.506
2023-10-22,3905,1374.0,915.0,459,508,580,69,0.45,0.55,5.05,306.22,0.0273,0.226
2023-10-23,3106,1273.0,729.0,574,181,334,15,0.3,0.7,5.62,140.34,0.0479,0.4169
2023-10-24,2752,1104.0,460.0,283,143,350,412,0.67,0.32999999999999996,2.07,155.41,0.0133,0.2473
2023-10-25,3741,1339.0,779.0,597,521,442,63,0.36,0.64,5.14,425.66,0.0232,0.3544
2023-10-26,2979,1022.0,672.0,522,309,473,-19,0.33,0.6699999999999999,5.76,132.44,0.0219,0.5688
2023-10-27,3832,1643.0,787.0,746,230,556,-130,0.5,0.5,3.47,554.91,0.0468,0.4032
2023-10-28,4486,1803.0,566.0,828,488,479,322,0.44,0.56,3.17,571.09,0.0266,0.2049
2023-10-29,3965,1543.0,980.0,733,283,471,-45,0.3,0.7,3.21,85.68,0.0332,0.5941
2023-10-30,3146,964.0,342.0,427,398,605,410,0.42,0.5800000000000001,5.83,541.69,0.0303,0.4384
2023-10-31,3462,1406.0,394.0,483,483,468,228,0.63,0.37,2.26,538.03,0.0324,0.5499
2023-11-01,3418,1484.0,429.0,545,348,448,164,0.6,0.4,7.56,451.38,0.0398,0.3113
2023-11-02,3332,1599.0,748.0,599,442,524,-580,0.31,0.69,6.01,435.79,0.0289,0.2544
2023-11-03,3027,919.0,604.0,406,336,313,449,0.38,0.62,2.7,255.77,0.0322,0.4371
2023-11-04,5104,2493.0,1003.0,619,691,954,-656,0.35,0.65,3.51,90.9,0.0491,0.46
2023-11-05,4095,1530.0,1005.0,468,595,638,-141,0.3,0.7,5.64,392.45,0.0333,0.5416
2023-11-06,2826,895.0,473.0,440,394,454,170,0.43,0.5700000000000001,7.88,139.6,0.0383,0.4331
2023-11-07,3062,1067.0,660.0,330,180,331,494,0.54,0.45999999999999996,6.18,196.31,0.0206,0.5576
2023-11-08,3755,1822.0,628.0,378,536,616,-225,0.51,0.49,4.64,599.5,0.0101,0.5645
2023-11-09,3937,1269.0,754.0,473,326,465,650,0.52,0.48,2.52,262.37,0.0454,0.3558
2023-11-10,3815,1724.0,723.0,488,488,474,-82,0.62,0.38,7.19,69.15,0.0316,0.3418
2023-11-11,9992,3893.0,2358.0,1478,1114,1124,25,0.63,0.37,3.49,309.54,0.0161,0.3098
2023-11-12,3826,1248.0,866.0,740,279,752,-59,0.52,0.48,7.75,588.5,0.0269,0.4976
2023-11-13,4177,1961.0,702.0,577,477,509,-49,0.42,0.5800000000000001,2.96,104.25,0.0414,0.4592
2023-11-14,3234,1375.0,538.0,421,202,515,183,0.49,0.51,6.36,71.82,0.0112,0.5805
2023-11-15,3606,1502.0,731.0,585,339,515,-66,0.67,0.32999999999999996,3.69,179.71,0.0166,0.2551
2023-11-16,3100,1184.0,756.0,504,443,459,-246,0.54,0.45999999999999996,3.82,525.21,0.0286,0.3671
2023-11-17,3617,1122.0,517.0,621,212,451,694,0.45,0.55,4.76,159.36,0.0181,0.3629
2023-11-18,3828,1569.0,543.0,420,560,577,159,0.63,0.37,4.83,585.2,0.0283,0.5537
2023-11-19,4077,1636.0,753.0,541,261,494,392,0.5,0.5,5.36,144.34,0.0352,0.5538
2023-11-20,4012,1620.0,479.0,443,380,746,344,0.42,0.5800000000000001,4.97,142.65,0.0251,0.4207
2023-11-21,3942,1368.0,939.0,462,497,706,-30,0.67,0.32999999999999996,2.12,444.79,0.0386,0.3013
2023-11-22,4198,1260.0,924.0,497,239,828,450,0.59,0.41000000000000003,5.09,132.55,0.0131,0.5588
2023-11-23,3057,1372.0,532.0,537,200,470,-54,0.48,0.52,6.96,246.47,0.0217,0.3899
2023-11-24,3693,1211.0,485.0,684,491,520,302,0.51,0.49,7.09,362.04,0.0398,0.4722
2023-11-25,5307,1776.0,1131.0,696,323,860,521,0.53,0.47,7.48,293.36,0.0126,0.3477
2023-11-26,5681,1803.0,1367.0,880,448,941,242,0.43,0.5700000000000001,2.37,395.95,0.0312,0.2772
2023-11-27,9800,2975.0,2059.0,1821,1284,1151,510,0.7,0.30000000000000004,5.72,464.56,0.044,0.5083
2023-11-28,4489,2180.0,512.0,513,629,650,5,0.56,0.43999999999999995,7.77,85.37,0.0399,0.241
2023-11-29,4508,2176.0,639.0,529,355,795,14,0.39,0.61,7.83,66.05,0.0197,0.2304
2023-11-30,4712,1891.0,945.0,759,552,533,32,0.35,0.65,4.21,148.62,0.0181,0.2754
2023-12-01,4583,1990.0,674.0,678,534,699,8,0.34,0.6599999999999999,5.47,538.48,0.0134,0.264
2023-12-02,5441,1839.0,995.0,1001,506,880,220,0.63,0.37,4.98,549.85,0.0117,0.3804
2023-12-03,4636,1970.0,811.0,659,324,662,210,0.31,0.69,5.88,197.97,0.0413,0.5028
2023-12-04,4071,1667.0,677.0,636,246,694,151,0.64,0.36,4.39,520.87,0.0194,0.2392
2023-12-05,3853,1784.0,623.0,464,193,583,206,0.69,0.31000000000000005,6.79,106.74,0.0436,0.2542
2023-12-06,3640,1217.0,414.0,590,220,500,699,0.49,0.51,4.87,273.59,0.04,0.2256
2023-12-07,3732,1566.0,763.0,728,446,407,-178,0.4,0.6,6.06,288.85,0.0106,0.5338
2023-12-08,4378,2130.0,439.0,667,352,607,183,0.31,0.69,5.23,312.54,0.0155,0.41
2023-12-09,4612,1840.0,529.0,640,256,652,695,0.47,0.53,6.71,197.51,0.0448,0.5032
2023-12-10,5516,2164.0,1078.0,1006,658,674,-64,0.41,0.5900000000000001,2.79,255.1,0.0259,0.4357
2023-12-11,4157,1284.0,864.0,479,208,710,612,0.45,0.55,3.34,311.84,0.0496,0.3681
2023-12-12,5221,2474.0,584.0,815,569,545,234,0.58,0.42000000000000004,6.25,342.94,0.0413,0.2522
2023-12-13,3642,1743.0,734.0,585,213,464,-97,0.62,0.38,6.31,128.21,0.0202,0.2194
2023-12-14,4688,1922.0,1141.0,645,510,497,-27,0.63,0.37,2.98,561.54,0.0325,0.4478
2023-12-15,5218,1810.0,1039.0,820,555,797,197,0.45,0.55,5.41,386.21,0.018,0.2636
2023-12-16,6523,1987.0,1606.0,1214,952,800,-36,0.6,0.4,7.15,393.16,0.0444,0.4681
2023-12-17,5806,2481.0,1161.0,764,634,1079,-313,0.31,0.69,4.96,321.77,0.044,0.4784
2023-12-18,3998,1541.0,841.0,640,281,491,204,0.45,0.55,3.02,491.48,0.0479,0.4068
2023-12-19,5270,1912.0,830.0,1048,551,1038,-109,0.63,0.37,7.24,147.45,0.0102,0.5946
2023-12-20,4178,1339.0,844.0,737,385,516,357,0.42,0.5800000000000001,7.72,575.05,0.0325,0.3615
2023-12-21,4568,2249.0,962.0,693,563,519,-418,0.65,0.35,3.48,391.47,0.0457,0.4169
2023-12-22,5083,2459.0,742.0,987,580,722,-407,0.68,0.31999999999999995,5.31,297.41,0.0183,0.2697
2023-12-23,7052,2469.0,1603.0,736,632,736,876,0.58,0.42000000000000004,7.06,201.2,0.0336,0.2079
2023-12-24,5882,2103.0,1396.0,941,583,807,52,0.6,0.4,5.3,331.71,0.0493,0.2777
2023-12-25,6881,3029.0,1516.0,690,822,1234,-410,0.44,0.56,7.99,513.99,0.0429,0.5134
2023-12-26,4432,1932.0,798.0,871,272,727,-168,0.34,0.6599999999999999,7.02,225.28,0.0225,0.4458
2023-12-27,5637,2534.0,1040.0,598,430,1007,28,0.42,0.5800000000000001,2.84,380.8,0.0379,0.5397
2023-12-28,5363,2552.0,1205.0,662,599,917,-572,0.48,0.52,5.54,163.1,0.0204,0.2736
2023-12-29,5908,2582.0,1289.0,908,793,785,-449,0.34,0.6599999999999999,5.84,585.63,0.0173,0.5072
2023-12-30,7027,2660.0,1513.0,1225,989,1122,-482,0.42,0.5800000000000001,5.48,455.45,0.0416,0.4605
2023-12-31,7457,2952.0,761.0,804,716,1201,1023,0.39,0.61,7.46,168.91,0.0103,0.385
